nfl_id,total_attention,avg_attention,max_attention,std_attention,median_attention,play_count,frame_count,high_attention_pct
46137,241.6233076788485,0.4165919097911181,1.0,0.2989830483890889,0.33315812051296234,116,580,80.17241379310344
52546,283.94753666594625,0.454316058665514,1.0,0.28239255068077734,0.4155455231666565,125,625,84.48
44888,318.01185841299593,0.44477182994824604,1.0,0.3166148243753631,0.3469105660915375,143,715,80.0
53953,248.6176203377545,0.4286510695478526,1.0,0.2703213760216253,0.3979191333055496,116,580,83.44827586206897
54653,61.92024756222963,0.47630959663253564,1.0,0.30221065184049456,0.3825484812259674,26,130,87.6923076923077
55910,271.30112976022065,0.4049270593436129,1.0,0.2887433840075902,0.3180110603570938,134,670,79.25373134328359
47882,125.21711610537022,0.33842463812262225,1.0,0.22869031984958663,0.27272552251815796,74,370,80.27027027027027
53487,120.1534785144031,0.490422361283278,1.0,0.30044677490739613,0.4067853093147278,49,245,86.53061224489797
52471,101.58433395251632,0.39836993706869145,1.0,0.2715055403611581,0.3291313648223877,51,255,82.35294117647058
54527,84.85113298892975,0.27820043602927785,0.9577779173851013,0.20151376961305267,0.21866506338119507,61,305,71.14754098360656
54568,76.09209766238928,0.5247730873268226,1.0,0.3348454421590799,0.40651756525039673,29,145,87.58620689655172
44906,328.21745930053294,0.3978393446067066,1.0,0.29346260342058084,0.3250980079174042,165,825,75.39393939393939
47888,39.34087389707565,0.31472699117660524,0.69063401222229,0.17236409150499837,0.30628252029418945,25,125,79.2
54562,192.41100538894534,0.31542787768679564,1.0,0.20575159129218387,0.28677406907081604,122,610,76.22950819672131
55882,146.50022047013044,0.3756415909490524,1.0,0.252311683548343,0.3216123878955841,78,390,80.0
54486,240.74759493395686,0.385196151894331,1.0,0.27393815464203425,0.3175487220287323,125,625,75.68
52585,4.967576682567596,0.49675766825675965,0.6220000386238098,0.07592524004094334,0.49484074115753174,2,10,100.0
54511,2.8140811771154404,0.28140811771154406,0.4809921979904175,0.18232860581209143,0.27902963384985924,2,10,50.0
47913,134.57364389300346,0.44857881297667823,1.0,0.28700249382545046,0.38342776894569397,60,300,89.66666666666666
55895,7.170165546238422,0.35850827731192114,0.7110496759414673,0.20662663255834982,0.35869355499744415,4,20,75.0
54600,100.41869267076254,0.45644860304892065,1.0,0.2915856769353121,0.3947727680206299,44,220,81.81818181818183
44834,10.049376547336578,0.502468827366829,0.9253724813461304,0.23517988228756814,0.47418510913848877,4,20,100.0
54495,26.134116530418396,0.4751657550985163,1.0,0.2638944700232797,0.4179812967777252,11,55,94.54545454545455
46123,218.00872136093676,0.34332082104084527,1.0,0.2140957605057864,0.3076883852481842,127,635,82.83464566929133
48027,241.02954491600394,0.4505225138616896,1.0,0.29920314024620903,0.36122554540634155,107,535,85.60747663551402
52272,167.94248772226274,0.3860746844189948,1.0,0.27842409378597044,0.3329366147518158,87,435,75.86206896551724
52424,297.460776027292,0.4189588394750592,1.0,0.2810769580949099,0.3693504333496094,142,710,79.29577464788733
53469,203.55148668400943,0.4071029733680189,1.0,0.2705725322747073,0.3562798351049423,100,500,81.0
54523,47.24160431697965,0.497280045441891,1.0,0.30623332575972756,0.4477330446243286,19,95,88.42105263157895
42368,12.328014448285103,0.6164007224142551,1.0,0.3082540526036496,0.6042416840791702,4,20,100.0
52472,64.75315583124757,0.3700180333214147,1.0,0.2857071473428353,0.2519752085208893,35,175,78.85714285714286
43350,112.64567146077752,0.32184477560222147,1.0,0.23684445936028514,0.24482174962759018,70,350,74.57142857142857
46527,208.59130771644413,0.41718261543288826,1.0,0.24946459229930254,0.36419878900051117,100,500,89.4
53437,109.59755243547261,0.5218931068355839,1.0,0.29946451863224843,0.4969375431537628,42,210,88.09523809523809
46215,50.73272123001516,0.3757979350371493,1.0,0.2805182508874582,0.27809640765190125,27,135,71.85185185185186
42816,184.88094200007617,0.4454962457833161,1.0,0.3033888613202339,0.3765239715576172,83,415,81.92771084337349
46124,214.78264576382935,0.42531216982936504,1.0,0.28247557434685056,0.38393715023994446,101,505,78.41584158415841
54503,47.03706070035696,0.522634007781744,1.0,0.2935120556725048,0.4496886730194092,18,90,88.88888888888889
45004,146.51427123881876,0.35735188107028965,1.0,0.2241540985611991,0.32590560615062714,82,410,83.90243902439025
52417,95.03492264822125,0.4223774339920945,1.0,0.2758670755946325,0.36822158098220825,45,225,83.55555555555556
52542,31.119832403957844,0.3111983240395784,1.0,0.23804394545106178,0.24128638207912445,20,100,73.0
42393,160.56822650507092,0.4460228514029748,1.0,0.3150387798348778,0.41128018498420715,72,360,73.33333333333333
54468,150.2028515394777,0.37087123836908076,1.0,0.23949451954548936,0.3069060742855072,81,405,83.20987654320989
54502,163.10717831738293,0.31981799670075084,1.0,0.1969528166480044,0.2862677127122879,102,510,79.01960784313725
56032,149.52527152746916,0.42119794796470184,1.0,0.2851904920850758,0.362751305103302,71,355,87.60563380281691
42441,232.35254635475576,0.40409138496479263,1.0,0.2640847683119466,0.36830568313598633,115,575,80.0
54479,228.82882608659565,0.37207939201072465,1.0,0.2645871932720257,0.29614561796188354,123,615,80.65040650406505
46672,115.46809484064579,0.5131915326250924,1.0,0.28588267134689593,0.4783824682235718,45,225,87.55555555555556
44854,124.32980060949922,0.29254070731646875,1.0,0.19956392160476327,0.2491326481103897,85,425,71.05882352941177
46077,330.2333436962217,0.41801689075471105,1.0,0.2701533337590647,0.35303035378456116,158,790,85.82278481012658
52627,181.10883151181042,0.304384590776152,1.0,0.21656079779368964,0.24905814230442047,119,595,69.41176470588235
53533,359.224744964391,0.4177031918190593,1.0,0.28777739979093236,0.37632086873054504,172,860,76.74418604651163
52506,26.712268859148026,0.5342453771829605,1.0,0.3554984793949509,0.3794306069612503,10,50,88.0
53819,36.817267544567585,0.35064064328159605,1.0,0.23576454101970112,0.3362354636192322,21,105,74.28571428571429
52436,277.01966672204435,0.3743509009757356,1.0,0.2643513066060172,0.30773602426052094,148,740,79.72972972972973
46122,48.41385228745639,0.4610843074995847,0.9412569403648376,0.28916608316070636,0.42347967624664307,21,105,79.04761904761905
54540,217.39667876437306,0.48310373058749567,1.0,0.3123437945242083,0.4056847393512726,90,450,85.55555555555556
43395,16.079604409635067,0.2679934068272511,0.6553957462310791,0.160860250418762,0.21925678104162216,12,60,70.0
44902,173.4911658409983,0.45655569958157444,1.0,0.30509814906832305,0.3852555751800537,76,380,83.15789473684211
42391,155.56177975982428,0.450903709448766,1.0,0.28660631466485864,0.39626312255859375,69,345,86.37681159420289
54510,3.3642475306987762,0.3364247530698776,0.38725730776786804,0.04287042664121904,0.3372442275285721,2,10,100.0
53460,8.271294325590134,0.4135647162795067,0.8989884853363037,0.3233588401379437,0.40008988976478577,4,20,75.0
52897,48.9968284368515,0.40830690364042915,1.0,0.24878353272971435,0.3136373460292816,24,120,87.5
53455,210.1600159071386,0.45686959979812736,1.0,0.28494565106308706,0.40680088102817535,92,460,85.21739130434783
54533,237.48945456929505,0.45236086584627627,1.0,0.27324799483103923,0.4088234603404999,105,525,85.14285714285714
54496,226.23770003579557,0.34020706772300086,1.0,0.23873295049983626,0.2815805673599243,133,665,75.93984962406014
46073,207.89789104647934,0.5263237748012135,1.0,0.3093603026027526,0.4786021411418915,79,395,88.10126582278481
52452,128.81670685857534,0.37887266723110397,1.0,0.3055528652764338,0.2569624334573746,68,340,71.47058823529412
48026,131.5694050937891,0.33308710150326354,1.0,0.22583359356642374,0.27553731203079224,79,395,75.9493670886076
54525,233.24631315097213,0.4485506022134079,1.0,0.281067147322335,0.42217040061950684,104,520,82.11538461538461
53540,8.389356791973114,0.5592904527982075,1.0,0.32774469878656476,0.44972899556159973,3,15,100.0
52473,300.76619601622224,0.4236143605862285,1.0,0.277619867043187,0.3591090142726898,142,710,86.47887323943661
52515,25.18725648522377,0.6296814121305943,1.0,0.21387615209476815,0.6135724782943726,8,40,100.0
44872,203.4985321983695,0.42395527541326977,1.0,0.2781233989243753,0.36114302277565,96,480,82.08333333333333
55925,232.70330173987895,0.40825140656119113,1.0,0.2843888161784208,0.3300495594739914,114,570,79.12280701754386
43641,237.03834918141365,0.4122406072720237,1.0,0.2765618706534906,0.34267160296440125,115,575,80.0
46138,0.4586360529065132,0.09172721058130265,0.1715935468673706,0.05540654594924226,0.08086676150560379,1,5,20.0
38843,25.812774680554867,0.27171341769005125,0.6326484680175781,0.14009900475819498,0.20943458378314972,19,95,78.94736842105263
47855,262.4759644046426,0.43384456926387205,1.0,0.28740391911718527,0.3467886447906494,121,605,86.2809917355372
44915,19.323614679276943,0.4294136595394876,0.7145707607269287,0.18487241439960497,0.4472596049308777,9,45,88.88888888888889
56405,47.107416428625584,0.2944213526789099,1.0,0.19848703551654964,0.23995963484048843,32,160,82.5
53481,159.45456041768193,0.43686180936351215,1.0,0.26258647611883723,0.37689313292503357,73,365,90.13698630136986
44813,10.458704203367233,0.41834816813468934,0.6187343001365662,0.11500427436721086,0.39590561389923096,5,25,100.0
44974,73.79176770150661,0.343217524193054,1.0,0.1994709530024646,0.338238924741745,43,215,80.0
42465,1.009076151996851,0.1009076151996851,0.18285883963108063,0.04685894353426432,0.08532651886343956,2,10,30.0
44926,275.46627802588046,0.39352325432268637,1.0,0.2806455592808839,0.32113832235336304,140,700,81.14285714285714
53462,204.83742735907435,0.44051059647112767,1.0,0.2790252435900898,0.37474265694618225,93,465,87.31182795698925
54492,278.2168504446745,0.3974526434923921,1.0,0.262718739759884,0.33321505784988403,140,700,81.14285714285714
46304,315.1948794173077,0.4288365706357928,1.0,0.27597894425656916,0.37564927339553833,147,735,86.53061224489797
46105,110.04395317286253,0.36079984646840174,1.0,0.23115700036533346,0.2967265248298645,61,305,86.55737704918033
52493,209.90867286734283,0.3385623755924884,1.0,0.20446922645194252,0.30843789875507355,124,620,82.09677419354838
55137,168.01032363809645,0.4540819557786391,1.0,0.2483517804648698,0.40099720656871796,74,370,92.97297297297298
54466,46.66544556245208,0.32183065905139363,1.0,0.25052869733371713,0.2576490044593811,29,145,66.89655172413794
54704,94.39661660045385,0.2420426066678304,0.8502827286720276,0.15800902601987094,0.20574872940778732,78,390,66.15384615384615
54980,53.699502259492874,0.41307309430379135,0.9309096932411194,0.19823627104836994,0.44277140498161316,26,130,89.23076923076924
53494,148.8589763585478,0.31012286741364126,0.8585891127586365,0.17987295991141167,0.29235750436782837,96,480,78.75
45287,299.5089592523873,0.4278699417891247,1.0,0.25376670934291606,0.391937792301178,140,700,87.57142857142857
47947,224.0106151625514,0.4307896445433681,1.0,0.27840370888775207,0.36083491146564484,104,520,88.46153846153845
46724,27.502941772341728,0.4583823628723621,1.0,0.2207187333561644,0.36538365483283997,12,60,98.33333333333333
46269,291.3278583865613,0.4191767746569227,1.0,0.27516417369649393,0.3410928249359131,139,695,86.0431654676259
46456,316.7567301597446,0.44301640581782464,1.0,0.28132942414233975,0.3925135135650635,143,715,83.77622377622377
47790,26.26985928043723,0.3090571680051439,1.0,0.23828604698330755,0.27102673053741455,17,85,68.23529411764706
48508,64.6786680817604,0.34961442206356974,1.0,0.2404048453220799,0.3077102303504944,37,185,77.29729729729729
38588,337.8871124247089,0.42770520560089736,1.0,0.2849616804559996,0.3845650255680084,158,790,82.15189873417722
46132,250.14252022095025,0.4350304699494787,1.0,0.24504349789412425,0.41502198576927185,115,575,88.69565217391305
47788,240.78191680461168,0.4261626846099322,1.0,0.27507343570152676,0.3576945960521698,113,565,87.2566371681416
52453,224.263497678563,0.33979317830085304,1.0,0.22552653655542965,0.29533933103084564,132,660,81.51515151515152
52613,280.7369161993265,0.40105273742760933,1.0,0.26794591366121684,0.3385419547557831,140,700,85.57142857142857
53554,273.04302949644625,0.36164639668403475,1.0,0.2521097619416427,0.2923184633255005,151,755,78.67549668874172
54583,244.4768753889948,0.41790918869913646,1.0,0.2686267690349041,0.37160634994506836,117,585,83.93162393162393
56540,252.16854912042618,0.416807519207316,1.0,0.27305783706269615,0.3494921326637268,121,605,83.47107438016529
53461,28.909271124750376,0.385456948330005,1.0,0.30565267960368503,0.34521669149398804,15,75,69.33333333333334
47890,44.64433827251196,0.6377762610358851,1.0,0.3172689152824251,0.6577220559120178,14,70,92.85714285714286
47816,269.1581007614732,0.42723508057376697,1.0,0.2637923421107098,0.396609365940094,126,630,83.01587301587303
38559,195.14762127399445,0.3364614159896456,1.0,0.22604872875823878,0.29805104434490204,116,580,76.20689655172413
42427,153.807274132967,0.39437762598196663,1.0,0.24631686374436618,0.34026914834976196,78,390,86.92307692307692
55967,143.66418187320232,0.43534600567637066,1.0,0.2518565885050282,0.42142467200756073,66,330,84.84848484848484
54531,7.062159225344658,0.4708106150229772,0.7164955139160156,0.21043753937584145,0.5405400991439819,3,15,100.0
46711,108.70929655060172,0.31973322514882857,1.0,0.24718485067127674,0.2310284897685051,68,340,75.0
47877,226.34579802118242,0.4078302667048332,1.0,0.27183852047492346,0.32636648416519165,111,555,83.6036036036036
41915,55.11635333299637,0.5801721403473302,1.0,0.30239640393174944,0.5078018307685852,19,95,98.94736842105263
56527,139.21215271390975,0.47190560242003304,1.0,0.3059703056440182,0.38748225569725037,59,295,86.4406779661017
53519,17.761729184538126,0.3552345836907625,1.0,0.2558879331395707,0.3655177354812622,10,50,76.0
53489,243.77576232887805,0.40293514434525296,1.0,0.29140183145059784,0.3188473880290985,121,605,78.84297520661157
53505,302.0722804199904,0.41098269444896657,1.0,0.2544989892381927,0.38071534037590027,147,735,82.44897959183673
40017,236.25276716426015,0.31291757240299356,1.0,0.24449018826602265,0.2420307695865631,151,755,70.59602649006622
47899,179.20385394245386,0.33496047465879225,1.0,0.24673231614466062,0.2725048065185547,107,535,72.89719626168224
52469,187.0544984601438,0.46763624615035954,1.0,0.287838738326809,0.3751853108406067,80,400,90.25
46110,77.7709032446146,0.48606814527884123,1.0,0.30206616212597986,0.46518880128860474,32,160,80.0
47822,225.24870133399963,0.4331705794884608,1.0,0.254042666788607,0.40373802185058594,104,520,87.3076923076923
48268,236.57113356143236,0.40439510010501256,1.0,0.25358246915463933,0.353071391582489,117,585,85.12820512820512
53529,157.9788039289415,0.36316966420446317,1.0,0.21837761518100962,0.31969836354255676,87,435,85.97701149425288
54500,246.3811428323388,0.460525500621194,1.0,0.28591831079194074,0.41050153970718384,107,535,86.72897196261682
44823,160.15167879033834,0.4054472880768059,1.0,0.26721629844792244,0.388384610414505,79,395,77.9746835443038
44851,72.9703126847744,0.3316832394762473,1.0,0.21449140086368482,0.3070688843727112,44,220,78.63636363636364
54514,369.1050054766238,0.4824902032374167,1.0,0.28169790313123394,0.4447333812713623,153,765,86.40522875816994
38607,226.7097843065858,0.357023282372576,1.0,0.26040755911566266,0.27369052171707153,127,635,76.22047244094489
56011,113.73242560587823,0.30738493406994116,1.0,0.22011250356163217,0.24762289226055145,74,370,71.35135135135135
43353,222.60445758886635,0.37100742931477726,1.0,0.2708838846306468,0.2883807271718979,120,600,77.66666666666666
46168,180.72481577005237,0.4202902692326799,1.0,0.2923926494970804,0.37122076749801636,86,430,75.81395348837209
55184,113.3801185078919,0.3909659258892824,1.0,0.2603632977138424,0.32544809579849243,58,290,86.55172413793103
47915,30.03768539428711,0.4291097913469587,1.0,0.3165518100754951,0.38900499045848846,14,70,65.71428571428571
48537,6.70986171066761,0.22366205702225367,0.36035439372062683,0.1081385159034275,0.26597896218299866,6,30,73.33333333333333
46139,234.70096864923835,0.3911682810820639,1.0,0.2560361980880321,0.32923345267772675,120,600,81.5
53601,320.34647194482386,0.46765908313112975,1.0,0.2637134044298708,0.4301510453224182,137,685,88.75912408759125
37078,250.0600670836866,0.3497343595576036,1.0,0.24764824401097282,0.28849396109580994,143,715,77.34265734265733
43503,154.1723932698369,0.460216099312946,1.0,0.29398975141847766,0.389237642288208,67,335,88.95522388059702
47956,90.51838133856654,0.3851846014407087,1.0,0.26979235727168327,0.32197681069374084,47,235,80.0
43306,133.69505721330643,0.46910546390633834,1.0,0.2575092476710027,0.45782577991485596,57,285,86.66666666666667
44962,159.90100069530308,0.3476108710767458,1.0,0.21788738002507768,0.30888956785202026,92,460,82.82608695652173
38868,142.4497806057334,0.293710887846873,1.0,0.19896604668476547,0.23710910975933075,97,485,73.60824742268042
46757,345.710837431252,0.46094778324166935,1.0,0.2656845999107856,0.4343545287847519,150,750,86.53333333333333
53609,122.96929042972624,0.34639236740767954,1.0,0.23994909713664703,0.28473857045173645,71,355,79.43661971830987
42467,105.6358587294817,0.40629176434416037,1.0,0.30295986401506403,0.3367118537425995,52,260,72.6923076923077
46698,271.835330247879,0.4686816038756535,1.0,0.2967166267864806,0.41492292284965515,116,580,82.75862068965517
46080,117.53624235279858,0.3134299796074629,0.9387710094451904,0.2075306100145967,0.2740980386734009,75,375,71.73333333333333
44842,47.6581574678421,0.43325597698038276,1.0,0.3182747530548714,0.2662581652402878,22,110,83.63636363636363
55897,227.60382046736777,0.41382512812248684,1.0,0.2828883006182943,0.34008246660232544,110,550,81.45454545454545
47931,327.2859114073217,0.4452869542956758,1.0,0.2872963041247159,0.39823099970817566,147,735,84.35374149659864
53531,179.678904119879,0.4791437443196774,1.0,0.2877629243047208,0.4521624743938446,75,375,86.66666666666667
46157,89.72434329614043,0.46012483741610477,1.0,0.25863946750989597,0.4399702847003937,39,195,85.64102564102564
52510,44.09186070971191,0.3266063756274956,1.0,0.25802705676178395,0.2575913965702057,27,135,73.33333333333333
46127,174.63106567412615,0.4656828417976697,1.0,0.3004135810781758,0.40567678213119507,75,375,83.2
42401,1.9348130524158478,0.38696261048316954,0.44897204637527466,0.0472500606026389,0.3925504684448242,1,5,100.0
46652,116.71423371322453,0.38904744571074845,1.0,0.29470598631591416,0.3376194089651108,60,300,74.33333333333333
54637,18.19589325040579,0.5198826642973082,1.0,0.35630086696655966,0.5783848762512207,7,35,74.28571428571429
46968,142.87324961088598,0.4202154400320176,1.0,0.2865027164855157,0.34908778965473175,68,340,84.11764705882354
52535,154.55233772471547,0.3253733425783484,1.0,0.22196315318091794,0.2508012652397156,95,475,76.63157894736841
56045,147.84888566285372,0.4847504447962417,1.0,0.2756373345145687,0.4862213730812073,61,305,83.60655737704919
44848,95.33457360975444,0.2979205425304826,1.0,0.21896682272564905,0.23768290132284164,64,320,69.6875
49410,171.7853627577424,0.3694308876510589,1.0,0.25594354470136915,0.3131157457828522,93,465,80.86021505376344
46188,159.84611951559782,0.4379345740153365,1.0,0.26177953521053027,0.39925524592399597,73,365,85.47945205479452
53565,211.211491772905,0.4400239411935521,1.0,0.27506421682439747,0.3888489454984665,96,480,85.0
47871,187.63575667887926,0.3992250142103814,1.0,0.2818295766529532,0.3339252322912216,94,470,76.80851063829788
52624,221.1600016374141,0.3205217415034987,1.0,0.2514669012270258,0.2302667573094368,138,690,71.30434782608695
53503,407.3660415895283,0.48495957332086703,1.0,0.2972630457362422,0.43590712547302246,168,840,85.23809523809524
53592,47.02455011103302,0.31349700074022013,0.6514666080474854,0.14721357310103375,0.3075524717569351,30,150,86.0
53448,200.63858426362276,0.46660135875261105,1.0,0.28658827120143465,0.3944849669933319,86,430,89.30232558139535
55880,216.69574079848826,0.46601234580320056,1.0,0.2804424038009626,0.4302375614643097,93,465,86.02150537634408
52641,4.8811244666576385,0.48811244666576387,0.6297382116317749,0.10693045620965785,0.4808506667613983,2,10,100.0
43373,218.87449138052762,0.4129707384538257,1.0,0.26642315685099366,0.3690253049135208,106,530,82.45283018867924
53445,41.563476875424385,0.3197190528878799,1.0,0.2116719873598652,0.261525958776474,26,130,78.46153846153847
46657,56.37359759770334,0.43364305844387185,1.0,0.22984167106976466,0.36560942232608795,26,130,93.84615384615384
43986,142.68129967711866,0.42591432739438406,1.0,0.2814556947843522,0.4233090281486511,67,335,78.80597014925374
54578,132.45583157241344,0.3044961645342838,1.0,0.21893017124602,0.247746542096138,87,435,74.02298850574712
52637,1.172899767756462,0.2345799535512924,0.2563404440879822,0.017671923462062856,0.2422199845314026,1,5,100.0
46807,73.36878953874111,0.31899473712496135,1.0,0.2230874852446492,0.27649638056755066,46,230,77.39130434782608
42381,43.04662326723337,0.6149517609604768,1.0,0.28968456100297213,0.5977649688720703,14,70,97.14285714285714
44911,265.15467523783445,0.43827219047575944,1.0,0.2748451986450194,0.3863683342933655,121,605,85.45454545454545
52458,186.43288334086537,0.42371109850196675,1.0,0.2691452512390458,0.3729945421218872,88,440,85.68181818181819
54504,220.9342512190342,0.4602796900396546,1.0,0.28043526123638135,0.43007148802280426,96,480,85.0
44925,112.72655861638486,0.3175396017362954,1.0,0.18137236810986884,0.29015418887138367,71,355,83.66197183098592
46085,279.83690514042974,0.4055607320875793,1.0,0.27132900295255746,0.32268522679805756,138,690,86.37681159420289
48516,367.24545262008905,0.4398149133174719,1.0,0.2905332191802259,0.38996195793151855,167,835,84.55089820359282
55921,373.14825109764934,0.48148161431954756,1.0,0.285383572786632,0.45275989174842834,155,775,87.22580645161291
46087,110.71215469017625,0.3817660506557802,1.0,0.24824234551210855,0.3396204859018326,58,290,82.41379310344827
47804,91.99188120290637,0.34713917435059005,1.0,0.255148668230074,0.26196447014808655,53,265,80.0
48241,269.8863578680903,0.39983164128605964,1.0,0.27599887620444086,0.3159065246582031,135,675,82.81481481481482
54487,242.00904173403978,0.48401808346807956,1.0,0.30055298351768106,0.41351865231990814,100,500,89.60000000000001
43404,125.86353735625744,0.4195451245208581,1.0,0.25648388260337446,0.37728238105773926,60,300,88.66666666666667
45021,112.48202965781093,0.38129501578918956,1.0,0.25385797321865095,0.3395698070526123,59,295,79.66101694915254
54513,206.85672402754426,0.34476120671257376,1.0,0.23128112368427897,0.29296448826789856,120,600,79.83333333333333
54807,5.600637495517731,0.3733758330345154,0.48993682861328125,0.08646559707804795,0.38991957902908325,3,15,100.0
53649,92.1992797460407,0.35461261440784886,1.0,0.2609237234299031,0.27978336811065674,52,260,74.23076923076923
46175,190.92633245512843,0.4105942633443622,1.0,0.27127733604016985,0.32382580637931824,93,465,86.66666666666667
53438,305.58409741334617,0.43654871059049455,1.0,0.27901369929829345,0.38938792049884796,140,700,82.57142857142857
35459,79.5021505728364,0.3117731395013192,1.0,0.20038376010536682,0.2653369605541229,51,255,76.86274509803923
42929,342.62123189494014,0.4229891751789384,1.0,0.2811368526575867,0.35055316984653473,162,810,86.91358024691358
54580,121.00207798928022,0.42456869469922887,1.0,0.26260537270549666,0.41193023324012756,57,285,81.40350877192982
42361,207.3182297050953,0.45564446089031935,1.0,0.30414715414848764,0.37455978989601135,91,455,87.03296703296704
53596,248.82554462738335,0.473953418337873,1.0,0.30568181867182664,0.4318206310272217,105,525,82.0952380952381
47974,165.39521130360663,0.32115575010409053,1.0,0.23316526548772162,0.26492026448249817,103,515,74.9514563106796
55969,126.47569521144032,0.5621142009397347,1.0,0.2663138734620488,0.5136169791221619,45,225,95.11111111111111
46902,227.09713849425316,0.39154679050733304,1.0,0.23350910572795047,0.3497307598590851,116,580,89.82758620689654
53472,149.70448646135628,0.29353820874775743,1.0,0.21187085633868102,0.2424282655119896,102,510,68.43137254901961
53509,167.60997146368027,0.41902492865920066,1.0,0.2666171190209203,0.3501439690589905,80,400,86.5
43387,198.1293426156044,0.33299049179093176,1.0,0.2492549031398267,0.2609979212284088,119,595,75.46218487394958
52764,78.11002091132104,0.3633024228433537,1.0,0.30576911247712796,0.21550732851028442,43,215,70.23255813953489
42406,5.953921735286713,0.5953921735286712,1.0,0.4057875432273389,0.6199849620461464,2,10,90.0
52547,199.41293759085238,0.43350638606707037,1.0,0.272993149785482,0.36141276359558105,92,460,87.60869565217392
55871,8.783144623041153,0.5855429748694102,1.0,0.34477709478073365,0.5979338884353638,3,15,80.0
44893,242.2679025772959,0.4071729455080603,1.0,0.3091448925102467,0.33950430154800415,119,595,72.26890756302521
46086,249.8598583806306,0.37572911034681294,1.0,0.25464589693626144,0.31287267804145813,133,665,80.75187969924812
46775,220.90777676086873,0.48023429730623635,1.0,0.3107677864815365,0.43427881598472595,92,460,82.3913043478261
46259,195.58363012690097,0.35560660023072904,1.0,0.2591584232805329,0.2987253963947296,110,550,77.0909090909091
43327,231.10911781713367,0.4531551329747719,1.0,0.3056360770610857,0.41210387647151947,102,510,80.0
47971,212.1702188309282,0.4466741449072173,1.0,0.3097934094030482,0.34966084361076355,95,475,83.15789473684211
42388,238.92540827393532,0.42287682880342536,1.0,0.3024101389510937,0.33708035945892334,113,565,80.35398230088495
45571,321.09307001531124,0.4620044172882176,1.0,0.29560973990407924,0.43719401955604553,139,695,80.71942446043165
54544,10.358745895326138,0.25896864738315345,0.42617738246917725,0.10127095269722368,0.25672711431980133,8,40,82.5
52431,285.2318011056632,0.41040546921678156,1.0,0.2808222949216783,0.32653486728668213,139,695,84.74820143884892
52594,171.43487802147865,0.3234620340027899,1.0,0.21057159319219756,0.2797779142856598,106,530,80.56603773584906
53476,283.785408411175,0.4299778915320834,1.0,0.2916901589551151,0.39226335287094116,132,660,77.27272727272727
46142,188.78185208048671,0.444192593130557,1.0,0.2969318994590202,0.3370904326438904,85,425,87.52941176470588
54679,186.6925947945565,0.42430135180581025,1.0,0.2756220981177044,0.38594260811805725,88,440,80.45454545454545
54936,243.92440895177424,0.3998760802488102,1.0,0.26114946609130685,0.36053967475891113,122,610,79.34426229508198
38707,42.599304201081395,0.37042873218331646,1.0,0.2696784644359526,0.2733228802680969,23,115,80.0
43299,229.05623576417565,0.5090138572537237,1.0,0.2613845290021963,0.49581378698349,90,450,88.88888888888889
47934,71.06410445459187,0.45847809325543143,1.0,0.2790868781607856,0.39677268266677856,31,155,89.6774193548387
53465,153.3079026415944,0.37853803121381335,1.0,0.29975531890500745,0.30135005712509155,81,405,76.04938271604938
55919,31.80338342860341,0.489282821978514,1.0,0.3003655207662547,0.36986467242240906,13,65,92.3076923076923
55941,54.25213738530874,0.43401709908246994,1.0,0.291048960711966,0.36776334047317505,25,125,83.2
43700,201.39657752402127,0.4331109194064974,1.0,0.2802054998061149,0.36579611897468567,93,465,82.15053763440861
52991,256.1890026908368,0.40990240430533886,1.0,0.2745397659243715,0.3431854248046875,125,625,82.24000000000001
44862,55.66364372521639,0.265064970120078,0.9242690801620483,0.19887147364069055,0.21375779062509537,42,210,66.19047619047619
44869,229.51671181991696,0.39571846865502924,1.0,0.2904159478329931,0.31940019130706787,116,580,75.6896551724138
46194,53.42072355374694,0.32376196093179965,0.8544886112213135,0.19279036881906672,0.31630373001098633,33,165,75.15151515151514
54548,75.33343310467899,0.396491753182521,1.0,0.28462071551606877,0.30975936353206635,38,190,80.52631578947368
39984,268.7967985533178,0.4042057121102523,1.0,0.28047003704362433,0.3329697847366333,133,665,76.84210526315789
55881,99.52320022508502,0.537963244459919,1.0,0.2928160893075539,0.46123701333999634,37,185,92.43243243243244
54550,8.932471327483654,0.4466235663741827,0.882318913936615,0.33643726880360814,0.380007304251194,4,20,55.00000000000001
43351,363.42288874462247,0.43523699250852993,1.0,0.2685618588161457,0.4003046154975891,167,835,85.1497005988024
54808,223.98974343016744,0.3764533503028024,1.0,0.22373420198028288,0.3303946852684021,119,595,84.87394957983193
44837,145.4439792484045,0.33824181220559185,1.0,0.2471677714690609,0.26325830817222595,86,430,77.67441860465117
54026,24.884687438607216,0.29276102868949666,1.0,0.22100644472146036,0.24117137491703033,17,85,70.58823529411765
46212,197.01913706958294,0.4147771306728062,1.0,0.2605777871977434,0.3654545247554779,95,475,85.26315789473684
52445,252.72353099100292,0.3979898125842566,1.0,0.2734395719526052,0.33551648259162903,127,635,80.78740157480316
43435,13.377180054783821,0.3822051444223949,0.6998006105422974,0.1640308105671581,0.42133164405822754,7,35,97.14285714285714
47826,143.80854265391827,0.4357834625876311,1.0,0.27885143237497206,0.37875159084796906,66,330,83.33333333333334
42116,29.706456035375595,0.3494877180632423,1.0,0.2545711698766403,0.27247658371925354,17,85,81.17647058823529
52468,17.107067327946424,0.38015705173214276,1.0,0.2817960249769916,0.2937803566455841,9,45,80.0
43522,128.19442709349096,0.34185180558264255,1.0,0.25135773068827316,0.2852689325809479,75,375,73.86666666666667
46097,111.56006318889558,0.3432617328889095,1.0,0.24691412782762315,0.2886032462120056,65,325,73.23076923076923
54815,88.12552620843053,0.44062763104215263,1.0,0.29531385201978744,0.41799192130565643,40,200,78.0
44878,346.51800019014627,0.4559447370922977,1.0,0.30319282555890403,0.3985009789466858,152,760,81.97368421052632
52835,157.48839795961976,0.499963168125777,1.0,0.28554617515159325,0.4284229576587677,63,315,90.47619047619048
53532,242.95645123906434,0.44173900225284424,1.0,0.28802924413168596,0.37101879715919495,110,550,88.0
54718,184.62978059612215,0.34510239363761147,1.0,0.24587273380501187,0.2872697114944458,107,535,77.19626168224299
55942,35.11776406690478,0.3192524006082253,0.7265440821647644,0.1768833351563994,0.3053610473871231,22,110,75.45454545454545
54607,175.17363657057285,0.3892747479346063,1.0,0.26899938192091144,0.32959556579589844,90,450,80.88888888888889
54677,265.23747922480106,0.4018749685224259,1.0,0.2624032932987612,0.34467293322086334,132,660,80.75757575757576
42543,138.66260869055986,0.25918244615057917,0.9254140257835388,0.18672474704508052,0.1987595111131668,107,535,66.54205607476635
52435,229.17411521822214,0.4583482304364443,1.0,0.30537221754998295,0.35831254720687866,100,500,85.39999999999999
54574,55.564174365252256,0.3968869597518018,1.0,0.2612441721595878,0.3592878431081772,28,140,78.57142857142857
53566,177.57396395131946,0.4278890697622156,1.0,0.2805239556577303,0.36029335856437683,83,415,84.09638554216868
38577,277.67754355445504,0.40834932875655156,1.0,0.2677493328708037,0.3419671058654785,136,680,83.52941176470588
47891,221.6219909787178,0.36936998496452966,1.0,0.22349780601594726,0.33300623297691345,120,600,83.5
54618,269.5947321411222,0.449324553568537,1.0,0.295450615999109,0.3887767195701599,120,600,82.0
52456,19.53953954949975,0.35526435544545,1.0,0.24546512186292999,0.3469614088535309,11,55,72.72727272727273
52844,187.16422816365957,0.4456291146753799,1.0,0.26044932444872637,0.38262489438056946,84,420,89.28571428571429
52607,226.44907656684518,0.3212043639246031,1.0,0.22433474709984727,0.26129353046417236,141,705,76.02836879432624
47793,68.23442616313696,0.5248802012548996,1.0,0.3601403776085538,0.4685061573982239,26,130,78.46153846153847
55902,10.56934330612421,0.4227737322449684,0.8572041988372803,0.2594153094752691,0.4544316530227661,5,25,84.0
43314,75.08786627650261,0.4290735215800149,1.0,0.30085195875616266,0.31908977031707764,35,175,81.14285714285714
46117,5.6871427744627,0.284357138723135,0.5342333316802979,0.12742013078097486,0.2740999907255173,4,20,90.0
47941,112.39132390916348,0.4495652956366539,1.0,0.2579393857249305,0.40395838022232056,50,250,89.60000000000001
54676,167.16055979952216,0.4077086824378589,1.0,0.2934022796247573,0.340660884976387,82,410,75.60975609756098
55149,186.31410449370742,0.4903002749834406,1.0,0.3048547426818925,0.3985392153263092,76,380,87.63157894736841
55166,42.97382316365838,0.39067111966962165,0.9526426196098328,0.2460511717784902,0.3768471032381058,22,110,77.27272727272727
52444,221.76778114587069,0.3665583159435879,1.0,0.2383116770011891,0.3149036467075348,121,605,82.64462809917356
54611,173.23588764108717,0.46820510173266805,1.0,0.30658915176090323,0.380238801240921,74,370,86.48648648648648
56074,96.74303787946701,0.4499676180440326,1.0,0.27443759382519006,0.419715940952301,43,215,84.65116279069768
44830,284.31910192780197,0.46994892880628425,1.0,0.2953125173620662,0.42466816306114197,121,605,83.96694214876032
47872,211.01029670983553,0.3836550849269737,1.0,0.2538776666452554,0.31902292370796204,110,550,85.45454545454545
53604,152.41820297762752,0.3208804273213211,1.0,0.2363864694960074,0.2512526214122772,95,475,73.47368421052632
55888,344.6924778968096,0.49955431579247767,1.0,0.30570547530714254,0.4672319293022156,138,690,85.94202898550725
52459,31.80044173821807,0.4240058898429076,1.0,0.2950044467088472,0.37586158514022827,15,75,74.66666666666667
54632,332.79039653390646,0.45587725552589925,1.0,0.29588462251435477,0.4192589223384857,146,730,80.68493150684931
54579,64.58406214043498,0.3690517836596285,1.0,0.19986832411215724,0.3594518005847931,35,175,88.0
52416,98.12707059457898,0.4266394373677347,1.0,0.27401342700646114,0.3546074330806732,46,230,84.78260869565217
38540,327.0346426498145,0.4542147814580757,1.0,0.2901984816398919,0.3960563391447067,144,720,84.02777777777779
44827,84.5604766458273,0.25624386862371906,0.9304096698760986,0.19677573789630706,0.20605064928531647,66,330,60.0
54641,124.57552250288427,0.3460431180635674,1.0,0.2638268789798322,0.2745857685804367,72,360,73.05555555555556
43533,188.0395931173116,0.40438622175765937,1.0,0.27323219019199063,0.3379436433315277,93,465,84.08602150537634
46088,48.97806365415454,0.3767543358011888,1.0,0.2645659976648819,0.28812697529792786,26,130,87.6923076923077
53854,96.35156363993883,0.3568576431108846,1.0,0.2639710186909925,0.2926950305700302,54,270,72.5925925925926
54470,20.58969097584486,0.3167644765514594,1.0,0.20979389411339744,0.2820701003074646,13,65,89.23076923076924
52518,44.27805071696639,0.4427805071696639,1.0,0.27735467128339314,0.3688216507434845,20,100,84.0
52438,6.919712945818901,0.46131419638792676,1.0,0.38627975756179267,0.2813796103000641,3,15,73.33333333333333
42094,2.7318611182272434,0.27318611182272434,0.508640468120575,0.20556822448000717,0.2754802033305168,2,10,50.0
53656,13.994627818465233,0.4664875939488411,1.0,0.3044914943510964,0.41646169126033783,6,30,76.66666666666667
47881,296.07591150701046,0.48537034673280405,1.0,0.295889619938089,0.4226747900247574,122,610,87.8688524590164
54469,215.8724072612822,0.35681389629964,1.0,0.2518809218106618,0.29178300499916077,121,605,75.86776859504131
46211,279.9456960596144,0.4704969681674192,1.0,0.3119848063956149,0.4256277084350586,119,595,82.68907563025209
54833,125.51651313342154,0.3218372131626193,1.0,0.24496276677586168,0.25738881528377533,78,390,70.25641025641025
40107,151.47993927635252,0.32930421581815766,1.0,0.23495886177990555,0.2727707326412201,92,460,72.60869565217392
44839,57.716603595763445,0.3980455420397479,1.0,0.2844337671319708,0.39627429842948914,29,145,68.27586206896552
44976,63.469952680170536,0.38466637987982144,1.0,0.24561323401249094,0.36785441637039185,33,165,80.60606060606061
42485,55.0597098916769,0.2976200534685238,1.0,0.24391385755183642,0.22349853813648224,37,185,67.56756756756756
41243,239.56103921495378,0.39596865985942775,1.0,0.2456964380221553,0.3697693943977356,121,605,84.46280991735537
46186,156.19898669049144,0.3220597663721473,1.0,0.23216941231097377,0.28242912888526917,97,485,71.34020618556701
52476,69.73365324735641,0.6063795934552731,1.0,0.29377825454211953,0.45308777689933777,23,115,100.0
40166,175.346213106066,0.37307704916184253,1.0,0.27472200605374175,0.3011319041252136,94,470,75.53191489361703
46190,269.95052422583103,0.4029112301878075,1.0,0.26752252883490724,0.3715105652809143,134,670,81.94029850746269
54650,194.7361253350973,0.4187873663120372,1.0,0.2675864687828924,0.3834141492843628,93,465,83.22580645161291
53583,249.51196435838938,0.43774028834805156,1.0,0.29235391896082624,0.3691139966249466,114,570,80.7017543859649
54554,231.24002992734313,0.3952821024399028,1.0,0.25215736274971595,0.3458668291568756,117,585,85.2991452991453
54669,36.015255246311426,0.4501906905788928,1.0,0.27985537170924535,0.4290081709623337,16,80,83.75
45345,249.6472795959562,0.4195752598251365,1.0,0.27160653897118625,0.3533916175365448,119,595,83.52941176470588
54814,38.16461820155382,0.47705772751942277,1.0,0.2834150983965607,0.4572813808917999,16,80,86.25
52525,47.68836386874318,0.529870709652702,1.0,0.3064219954090543,0.5156369656324387,18,90,86.66666666666667
42431,8.864091724157333,0.5909394482771556,0.7851378321647644,0.11952251033849244,0.6036207675933838,3,15,100.0
55175,179.85875847935677,0.433394598745438,1.0,0.3201729321545303,0.3283373713493347,83,415,78.3132530120482
54644,6.157032072544098,0.3078516036272049,0.3623649477958679,0.0459958996097969,0.31989751756191254,4,20,100.0
43298,14.835375498980284,0.42386787139943666,1.0,0.37409820517004494,0.25671878457069397,7,35,77.14285714285715
47862,55.960541754961014,0.4663378479580084,1.0,0.23832940219735171,0.5089852213859558,24,120,89.16666666666667
48581,8.213624373078346,0.4106812186539173,0.8052960634231567,0.31922611750960056,0.40695204585790634,4,20,55.00000000000001
46223,13.094551593065262,0.4364850531021754,0.908633291721344,0.2335951934621626,0.39307737350463867,6,30,83.33333333333334
47844,55.617479749023914,0.27808739874511956,0.6635743379592896,0.15647005657979016,0.2561768442392349,40,200,74.5
48482,113.32911180704832,0.43588119925787816,1.0,0.29578425510031897,0.3449999988079071,52,260,84.61538461538461
48487,38.36535964906216,0.3836535964906216,1.0,0.2702775349337374,0.2504357546567917,20,100,87.0
52647,126.31533835083246,0.4074688333897821,1.0,0.26705583967433494,0.3491840809583664,62,310,83.54838709677419
46146,16.308950282633305,0.40772375706583264,1.0,0.2598511080450534,0.33779703080654144,8,40,87.5
41227,8.372178062796593,0.3348871225118637,0.5541451573371887,0.1090249617447008,0.3443407118320465,5,25,96.0
55960,97.68822309933603,0.35522990217940376,1.0,0.2476309721637701,0.2959948778152466,55,275,81.81818181818183
47817,78.77244305610657,0.4145918055584556,1.0,0.2898046431018992,0.3711536377668381,38,190,74.73684210526315
55989,11.072384312748909,0.5536192156374454,1.0,0.3434443231239184,0.5160239785909653,4,20,85.0
54682,6.243071436882019,0.4162047624588013,0.5054290294647217,0.06492523722450322,0.4318685233592987,3,15,100.0
55869,261.11645467579365,0.45809904329086604,1.0,0.3015838243362274,0.3878251612186432,114,570,84.3859649122807
53542,153.5900939628482,0.420794777980406,1.0,0.2741774632195489,0.3745044469833374,73,365,82.73972602739727
43474,87.11701123230159,0.30567372362211087,1.0,0.24362123835395766,0.2247961312532425,57,285,72.98245614035088
44957,0.8799855560064316,0.1759971112012863,0.19726379215717316,0.023442382296265316,0.19167570769786835,1,5,80.0
46700,179.17765977606177,0.4215944935907336,1.0,0.27774057788442286,0.364931583404541,85,425,82.11764705882352
54708,158.94782147556543,0.496711942111142,1.0,0.2953433696498975,0.468046173453331,64,320,87.8125
46153,18.135229349136353,0.7254091739654541,1.0,0.2706953453008415,0.7850812673568726,5,25,100.0
46310,52.525528352707624,0.37518234537648304,1.0,0.25127498900095707,0.3400316834449768,28,140,80.71428571428572
54622,288.0589999165386,0.48413277296897245,1.0,0.29349617302526015,0.44915786385536194,119,595,86.5546218487395
54781,108.96227470226586,0.5068012776849575,1.0,0.2770830988963242,0.465542733669281,43,215,92.09302325581396
56030,144.85680024698377,0.4749403286786353,1.0,0.26836922872730057,0.427032470703125,61,305,88.52459016393442
56141,5.508660316467285,0.27543301582336427,0.52745121717453,0.12668864868160082,0.24035675823688507,4,20,80.0
54719,79.12746845930815,0.3043364171511852,0.934120774269104,0.210459254011624,0.2551051825284958,52,260,67.3076923076923
54778,48.31414530985057,0.4026178775820881,1.0,0.2602086783404928,0.3725988268852234,24,120,80.0
54639,1.4655769765377045,0.2931153953075409,0.3145495355129242,0.015098219986432924,0.2966611087322235,1,5,100.0
42031,13.6826760917902,0.68413380458951,1.0,0.32527367427553955,0.7578904330730438,4,20,100.0
55181,132.75859077647328,0.4741378242016903,1.0,0.28839177196549687,0.42142902314662933,56,280,86.78571428571429
53614,54.344619292765856,0.37479047788114384,1.0,0.2613848371132987,0.30393826961517334,29,145,80.0
53564,0.5133233331143856,0.10266466662287713,0.18498969078063965,0.04727735281817603,0.08510584384202957,1,5,20.0
55081,24.177424855530262,0.40295708092550436,1.0,0.24910099149278067,0.3615718483924866,12,60,86.66666666666667
41231,14.014902368187904,0.3503725592046976,0.7129076719284058,0.1504276211546442,0.32892803847789764,8,40,92.5
56576,3.5542678236961365,0.7108535647392273,0.7281940579414368,0.016387612895979342,0.7168383002281189,1,5,100.0
46156,6.5277959406375885,0.3263897970318794,0.6408646702766418,0.14604500241784402,0.29775092005729675,4,20,90.0
52863,83.82645753771067,0.39917360732243173,1.0,0.29832504312353114,0.32326361536979675,42,210,80.95238095238095
53639,23.344973374158144,0.3591534365255099,1.0,0.26321124797428924,0.2966969907283783,13,65,76.92307692307693
44903,125.92851005867124,0.3358093601564566,1.0,0.20614093001307227,0.30063068866729736,75,375,84.26666666666667
53575,33.63816525042057,0.44850887000560763,1.0,0.26055546807611124,0.3793255090713501,15,75,89.33333333333333
44904,254.09540134482086,0.4457814058681068,1.0,0.2800498862237099,0.39903414249420166,114,570,83.85964912280703
44174,3.288900539278984,0.3288900539278984,0.5322062373161316,0.1632303326661543,0.32683274149894714,2,10,80.0
53629,49.29324907436967,0.3791788390336128,1.0,0.2396241799866799,0.2982567250728607,26,130,90.76923076923077
42346,3.494697153568268,0.6989394307136536,0.7354198694229126,0.03321004227851605,0.708437979221344,1,5,100.0
53668,49.492312498390675,0.5209717105093755,1.0,0.26604288927927805,0.46013516187667847,19,95,97.89473684210527
54617,33.44293440319598,0.3344293440319598,1.0,0.2962563211895697,0.23931554704904556,20,100,73.0
46074,31.172408286482096,0.5667710597542199,1.0,0.3114995139265941,0.47604477405548096,11,55,90.9090909090909
53589,113.87210026010871,0.45548840104043486,1.0,0.2850363934705227,0.3924870193004608,50,250,85.2
43497,91.6230904981494,0.40721373554733065,1.0,0.2167701358093438,0.35367831587791443,45,225,94.22222222222221
37145,0.7755200527608395,0.07755200527608394,0.1396304965019226,0.031628044302109824,0.07597735896706581,2,10,0.0
37097,6.903850764036179,0.34519253820180895,0.7284661531448364,0.235554924397417,0.27107999473810196,4,20,75.0
41464,2.509748727083206,0.5019497454166413,0.5368991494178772,0.03080107601028071,0.4986051619052887,1,5,100.0
47863,85.79905265197158,0.36510235171051736,1.0,0.23519611494677936,0.3206844925880432,47,235,79.57446808510639
47846,106.28323329426348,0.34284913965891445,1.0,0.23640868504403015,0.29865990579128265,62,310,79.6774193548387
46229,3.446972534060478,0.34469725340604784,0.6291269063949585,0.22210706468951122,0.319756343960762,2,10,60.0
56007,81.29086954332888,0.3965408270406287,1.0,0.2771344337520354,0.31692883372306824,41,205,79.51219512195122
52904,14.437647961080074,0.2887529592216015,0.5443836450576782,0.14581640876522176,0.2654872089624405,10,50,80.0
47878,3.4480976462364197,0.689619529247284,0.7116759419441223,0.012281643665025039,0.6840878129005432,1,5,100.0
46349,9.477969318628311,0.37911877274513245,0.48573386669158936,0.05861100596172755,0.3844130039215088,5,25,100.0
54526,0.7832026779651642,0.15664053559303284,0.2247239351272583,0.05347320718297006,0.15905322134494781,1,5,60.0
55909,166.6723135393113,0.45663647545016794,1.0,0.2694377224663884,0.41858553886413574,73,365,84.65753424657534
54857,11.092873603105545,0.739524906873703,1.0,0.21178515695136974,0.7463008165359497,3,15,100.0
43366,19.42270252853632,0.3884540505707264,0.736022412776947,0.18022593411472293,0.37127771973609924,10,50,96.0
54541,0.9667628109455109,0.19335256218910218,0.2720256745815277,0.046162433190358364,0.1776018589735031,1,5,80.0
54561,44.067392233759165,0.2843057563468333,1.0,0.20903562164865122,0.2466486394405365,31,155,65.80645161290323
52411,178.54775933735073,0.3924126578842873,1.0,0.2799219684252994,0.3229634463787079,91,455,77.14285714285715
46151,123.79685841314495,0.32155028159258425,1.0,0.22175650043274345,0.296546071767807,77,385,75.58441558441558
53530,90.95505412854254,0.3248394790305091,1.0,0.23906095052613294,0.24583301693201065,56,280,71.78571428571429
33131,5.157343000173569,0.3438228666782379,0.5892033576965332,0.14899802944789098,0.24287471175193787,3,15,100.0
46099,75.16987485438585,0.33408833268615934,1.0,0.2580229757851061,0.26743337512016296,45,225,66.66666666666666
56097,208.69360389187932,0.46897439076826813,1.0,0.31395606276351257,0.41545987129211426,89,445,84.04494382022472
45215,43.40177686139941,0.41335025582285156,1.0,0.24362569359864933,0.3675716519355774,21,105,89.52380952380953
47837,21.995752923190594,0.29327670564254127,1.0,0.22742844886822267,0.25826722383499146,15,75,70.66666666666667
47963,156.1294062063098,0.5118996924797042,1.0,0.3052900443661399,0.4843289256095886,61,305,85.57377049180329
55893,9.601539313793182,0.6401026209195455,1.0,0.28289996657852257,0.6088049411773682,3,15,100.0
41256,130.58789150975645,0.39572088336289835,1.0,0.2554447137049891,0.33738912642002106,66,330,85.75757575757575
47940,185.66940188407898,0.4584429676150098,1.0,0.3093111873462123,0.37071117758750916,81,405,83.9506172839506
54535,46.56269362568855,0.4656269362568855,1.0,0.2981182687603491,0.4427079111337662,20,100,79.0
52428,10.343841318041086,0.41375365272164344,1.0,0.30784027160145877,0.31885990500450134,5,25,84.0
56001,1.691226750612259,0.33824535012245177,0.3786103129386902,0.032434675931441906,0.3230843245983124,1,5,100.0
43356,4.040268674492836,0.26935124496618906,0.33390092849731445,0.04457664807202659,0.2732086479663849,3,15,100.0
55043,15.387679263949394,0.5129226421316465,1.0,0.3051444420268559,0.5560257732868195,6,30,83.33333333333334
55932,36.944538071751595,0.4925938409566879,1.0,0.3285366167460873,0.3832438290119171,15,75,82.66666666666667
42403,2.565773829817772,0.2565773829817772,0.4093102812767029,0.10604567377158663,0.24061276018619537,2,10,70.0
52478,91.0987383686006,0.3141335805813814,1.0,0.22648241466825011,0.27137114107608795,58,290,75.51724137931033
53473,6.644841652363539,0.33224208261817695,0.6758086681365967,0.22152488674529897,0.3821166455745697,4,20,65.0
44887,59.71972602233291,0.3619377334686843,1.0,0.30213927300515353,0.26572322845458984,33,165,63.030303030303024
46248,25.504929523915052,0.3000579943990006,1.0,0.25335238510956104,0.2076692283153534,17,85,65.88235294117646
46501,37.31735250726342,0.3554033572120326,1.0,0.26047033961252913,0.32067441940307617,21,105,77.14285714285715
55054,11.453811705112457,0.38179372350374857,1.0,0.31858696916593837,0.23873096704483032,6,30,63.33333333333333
46264,0.9658044576644897,0.19316089153289795,0.23824211955070496,0.03839708437316398,0.20193608105182648,1,5,80.0
52495,43.14020475745201,0.4314020475745201,1.0,0.2718293673065262,0.3543412387371063,20,100,84.0
53459,10.605152562260628,0.5302576281130313,0.7857678532600403,0.18529599817496314,0.5741031169891357,4,20,100.0
55956,82.84784442186356,0.5523189628124237,1.0,0.2975070990084721,0.5455670952796936,30,150,86.66666666666667
47799,25.869403272867203,0.3695629038981029,1.0,0.2538537073884343,0.28085680305957794,14,70,77.14285714285715
52446,9.669948387891054,0.3223316129297018,1.0,0.31580471327300275,0.2582729756832123,6,30,66.66666666666666
52939,49.64964212849736,0.3309976141899824,1.0,0.24837410944399546,0.2405596673488617,30,150,72.66666666666667
43341,89.25899328663945,0.4151581083099509,1.0,0.25859120387132956,0.3463618755340576,43,215,89.76744186046511
56063,4.000920832157135,0.4000920832157135,0.46533191204071045,0.037316078105903656,0.3869621306657791,2,10,100.0
44865,3.021758198738098,0.3021758198738098,0.45557835698127747,0.11659798796909447,0.3223894238471985,2,10,80.0
47996,173.17526012286544,0.3607817919226363,1.0,0.269842404007471,0.2970203012228012,96,480,74.79166666666667
46674,15.655230529606342,0.3913807632401586,0.8877481818199158,0.22315937720658158,0.3532925099134445,8,40,85.0
53887,4.104001522064209,0.8208003044128418,0.8890711665153503,0.054801142797753555,0.8348236680030823,1,5,100.0
55984,55.75547816231847,0.3484717385144904,1.0,0.27414197488250003,0.26623883843421936,32,160,78.125
55105,34.90604503452778,0.4106593533473856,0.6568840742111206,0.15633397728054305,0.4400346875190735,17,85,88.23529411764706
55997,14.965207614004612,0.49884025380015373,1.0,0.2586236211649828,0.4488842040300369,6,30,90.0
55931,94.7342101149261,0.4118878700648961,1.0,0.25934895887666765,0.36635203659534454,46,230,83.47826086956522
55947,20.221332520246506,0.4493629448943668,1.0,0.2564002154746604,0.44551578164100647,9,45,84.44444444444444
55894,12.553329840302467,0.3586665668657848,0.5777463316917419,0.08777702025339981,0.3609052300453186,7,35,100.0
46699,114.54959133639932,0.3181933092677759,1.0,0.2586356858774077,0.24241700023412704,72,360,68.61111111111111
44825,23.53674852848053,0.5230388561884562,1.0,0.24317893366545126,0.474440336227417,9,45,97.77777777777777
56547,6.946473985910416,0.6946473985910415,0.9332283139228821,0.19315608534499984,0.66745525598526,2,10,100.0
55892,12.248569697141647,0.34995913420404706,0.6287965178489685,0.14899042841356777,0.37480443716049194,7,35,91.42857142857143
46630,23.97051863372326,0.39950864389538765,1.0,0.2628264012928398,0.33641184866428375,12,60,81.66666666666667
43775,6.138680651783943,0.30693403258919716,0.5580778121948242,0.1589519954582056,0.2527575045824051,4,20,95.0
54493,1.0096506923437119,0.20193013846874236,0.2217225432395935,0.014974037148628742,0.20479263365268707,1,5,100.0
55877,5.540418654680252,0.3693612436453501,0.5552420616149902,0.15507823789058858,0.4257164001464844,3,15,80.0
47864,59.659262388944626,0.3977284159262975,1.0,0.26874296591932595,0.3760976791381836,30,150,76.66666666666667
56089,63.357826463878155,0.2946875649482705,1.0,0.24894894007624846,0.22029240429401398,43,215,60.46511627906976
52548,0.9945131987333298,0.19890263974666594,0.26206570863723755,0.04958985086021449,0.19708092510700226,1,5,60.0
56598,23.274664349853992,0.46549328699707987,1.0,0.26283233257625793,0.4169757515192032,10,50,90.0
46165,9.747764751315117,0.3899105900526047,0.6483722925186157,0.18873533251565155,0.3157077431678772,5,25,100.0
54969,252.80383142456412,0.42848107021112564,1.0,0.3124753943462842,0.3363344967365265,118,590,78.64406779661017
54529,15.354462295770645,0.38386155739426614,0.8434098362922668,0.20420527140269742,0.3405376374721527,8,40,80.0
45395,166.37996957078576,0.4009155893271946,1.0,0.2709167702972536,0.3415348529815674,83,415,80.72289156626506
53582,40.31187902390957,0.366471627490087,1.0,0.2473069723499249,0.32913894951343536,22,110,81.81818181818183
43507,8.02555176615715,0.5350367844104766,1.0,0.33063151338466934,0.33436211943626404,3,15,100.0
55115,21.0622016787529,0.42124403357505796,0.843410074710846,0.19884841608475326,0.4428846836090088,10,50,92.0
52482,27.098201237618923,0.4926945679567077,1.0,0.314104542373129,0.4956078827381134,11,55,81.81818181818183
46081,3.4472294449806213,0.6894458889961242,0.7354093194007874,0.04159530063249539,0.6830959320068359,1,5,100.0
47810,68.36666859872639,0.471494266198113,1.0,0.3580531566835564,0.3610026240348816,29,145,75.17241379310344
52410,5.587183862924576,0.5587183862924576,0.6678018569946289,0.09186943190313165,0.566715270280838,2,10,100.0
52623,3.5607739835977554,0.23738493223985035,0.35818418860435486,0.06969805335285037,0.22813832759857178,3,15,86.66666666666667
53049,5.593857556581497,0.27969287782907487,0.47388458251953125,0.10651923476256124,0.25337865203619003,4,20,90.0
42901,43.02800339087844,0.2689250211929902,1.0,0.19688413156628762,0.22435065358877182,32,160,70.625
47938,54.43007172644138,0.4186928594341645,1.0,0.2638392108475225,0.32662245631217957,26,130,88.46153846153845
54721,2.3644849210977554,0.23644849210977553,0.29334232211112976,0.04560798597139757,0.2450038492679596,2,10,90.0
54552,5.434375092387199,0.3622916728258133,0.5875352621078491,0.1735814233267627,0.4079870581626892,3,15,80.0
56081,47.767960112541914,0.5619760013240225,1.0,0.29940543163755756,0.5395472049713135,17,85,90.58823529411765
48117,29.1085584461689,0.44782397609490615,1.0,0.26949208929384694,0.397940993309021,13,65,92.3076923076923
47894,10.344096824526787,0.5172048412263394,1.0,0.2981265559012658,0.4140785485506058,4,20,100.0
52566,45.254086792469025,0.5656760849058629,1.0,0.3296400082777983,0.4703015834093094,16,80,95.0
54546,203.79950293991715,0.4202051607008601,1.0,0.26297911209452085,0.3938666880130768,97,485,81.64948453608247
54014,8.394090682268143,0.5596060454845428,0.8887811303138733,0.24563315414757594,0.5979077219963074,3,15,100.0
46329,75.7955045811832,0.4097054301685578,1.0,0.26541333109319765,0.3372807502746582,37,185,87.02702702702703
46148,0.26162034273147583,0.05232406854629516,0.08562193810939789,0.020736654131779785,0.048052240163087845,1,5,0.0
54488,54.97078378871083,0.5786398293548509,1.0,0.31156530494304896,0.47801685333251953,19,95,95.78947368421052
55240,0.6726468577980995,0.13452937155961991,0.2999506890773773,0.09209851601358197,0.08181658387184143,1,5,40.0
56025,60.622549407184124,0.484980395257473,1.0,0.3226420101312753,0.36538010835647583,25,125,84.8
47968,25.753869272768497,0.3433849236369133,1.0,0.22421114704265976,0.3093888461589813,15,75,88.0
48599,0.9144914597272873,0.18289829194545745,0.21240274608135223,0.020656260451955063,0.18243753910064697,1,5,100.0
42480,9.112267971038818,0.9112267971038819,1.0,0.09578583385868782,0.9433082640171051,2,10,100.0
52498,2.475234180688858,0.4950468361377716,0.5103920698165894,0.009067258612672355,0.4922511875629425,1,5,100.0
55148,3.4422129541635513,0.34422129541635516,0.5217772722244263,0.17478960427204346,0.3646383360028267,2,10,80.0
52743,4.361397206783295,0.43613972067832946,0.5336750149726868,0.043253480218672244,0.4286385029554367,2,10,100.0
56086,191.7816235497594,0.4358673262494532,1.0,0.24387192620922912,0.4663805514574051,88,440,81.5909090909091
53688,2.154176265001297,0.4308352530002594,0.48836764693260193,0.03829871004355199,0.4199407994747162,1,5,100.0
43296,2.571731448173523,0.5143462896347046,0.543540894985199,0.022329333083594333,0.4990108609199524,1,5,100.0
56079,0.4913555346429348,0.09827110692858695,0.2039811909198761,0.06701247610215574,0.07864044606685638,1,5,20.0
44828,139.97769004292786,0.36357841569591653,1.0,0.22894693120959125,0.3321133852005005,77,385,81.81818181818183
53498,4.687560141086578,0.46875601410865786,0.7545068860054016,0.24774237939593208,0.4631946235895157,2,10,100.0
56242,132.2336658714339,0.413230205848231,1.0,0.28461044583126616,0.3626509755849838,64,320,81.5625
44826,1.2009342163801193,0.24018684327602385,0.2713720500469208,0.0194456222523915,0.2401302605867386,1,5,100.0
41257,121.24702219292521,0.4754785184036283,1.0,0.29277103725053505,0.43942558765411377,51,255,83.92156862745098
47988,30.007774729281664,0.4286824961325952,0.883304238319397,0.2296322832017155,0.499849796295166,14,70,87.14285714285714
46083,1.8212312161922455,0.3642462432384491,0.3963865637779236,0.019731681508305426,0.3621915280818939,1,5,100.0
52540,27.159311328083277,0.41783555889358887,1.0,0.2801529778234526,0.37744930386543274,13,65,90.76923076923077
54507,41.36932260543108,0.39399354862315317,1.0,0.2568727876607661,0.30939626693725586,21,105,83.80952380952381
46185,0.7204027995467186,0.1440805599093437,0.2089371234178543,0.041943906849350274,0.13757754862308502,1,5,40.0
55952,67.72455058991909,0.33036366141423945,1.0,0.23205660393443023,0.24886579811573029,41,205,77.5609756097561
52685,52.162623040378094,0.4742056640034372,1.0,0.28318707875609195,0.3607203811407089,22,110,95.45454545454545
45038,12.620250150561333,0.5048100060224533,1.0,0.33407261301813196,0.2950179874897003,5,25,100.0
53525,11.557318136096,0.5778659068048,1.0,0.26890759099388556,0.49408158659935,4,20,100.0
52570,136.89575801044703,0.5703989917101959,1.0,0.2978121960007944,0.5507482290267944,48,240,90.0
55912,106.75120573118329,0.38818620265884834,1.0,0.2943029351140085,0.2609385550022125,55,275,76.36363636363637
44818,123.10992395877838,0.35174263988222393,1.0,0.2781817570481388,0.27578005194664,70,350,71.42857142857143
43455,1.821957841515541,0.1821957841515541,0.3242917060852051,0.11533482149467691,0.16867002099752426,2,10,50.0
46141,1.2824650555849075,0.25649301111698153,0.30012139678001404,0.02977804176235882,0.2489337921142578,1,5,100.0
55867,3.6851876974105835,0.7370375394821167,0.7605552077293396,0.01806155342021072,0.7420013546943665,1,5,100.0
54687,198.79600371792912,0.509733342866485,1.0,0.29626428043904973,0.44257375597953796,78,390,89.48717948717949
43616,21.46881426125765,0.3903420774774118,1.0,0.2612341303672078,0.2931024432182312,11,55,92.72727272727272
55916,13.31452109478414,0.665726054739207,1.0,0.3784241796914399,0.8234363794326782,4,20,80.0
47975,3.6974233388900757,0.7394846677780151,0.755439817905426,0.014934188418647902,0.7380227446556091,1,5,100.0
52947,1.8621340692043304,0.37242681384086607,0.3978136479854584,0.022716697551649966,0.3754120469093323,1,5,100.0
54467,15.609223112463951,0.34687162472142113,1.0,0.2585530612525084,0.267149955034256,9,45,84.44444444444444
52475,10.165600948035717,0.4066240379214287,1.0,0.331216365324561,0.26022741198539734,5,25,80.0
55906,33.166387248784304,0.47380553212549004,1.0,0.32583612571568904,0.4325198531150818,14,70,80.0
56353,137.8032803516835,0.5300126167372442,1.0,0.28711810439186985,0.5022369027137756,52,260,88.07692307692308
54819,2.0946953743696213,0.20946953743696212,0.25192227959632874,0.03389737691582217,0.21475417912006378,2,10,100.0
55212,22.007520919665694,0.3385772449179338,1.0,0.32517889915574755,0.1870768815279007,13,65,64.61538461538461
56047,13.971179828047752,0.5588471931219101,0.9048793315887451,0.24528915895462836,0.6441497802734375,5,25,92.0
46199,9.955503076314926,0.49777515381574633,1.0,0.29254136936106034,0.3303399384021759,4,20,100.0
48495,9.53150923922658,0.476575461961329,0.9502336978912354,0.3195679567431631,0.4560641944408417,4,20,75.0
54491,5.371101927012205,0.5371101927012205,1.0,0.46319106410385774,0.5562973208725452,2,10,50.0
46535,6.022706627845764,0.6022706627845764,0.7687696814537048,0.0725923896090847,0.5793415009975433,2,10,100.0
56237,1.7766950726509094,0.3553390145301819,0.3651222288608551,0.007919664389962602,0.3558040261268616,1,5,100.0
43333,17.625388130545616,0.3525077626109123,0.7089858651161194,0.17424055183224924,0.36991454660892487,10,50,86.0
56461,5.035683810710907,0.5035683810710907,0.6713557839393616,0.14252896739299814,0.5131077170372009,2,10,100.0
53441,20.293889492750168,0.6764629830916723,1.0,0.35039045008000114,0.8161025941371918,6,30,93.33333333333333
44880,2.2856273129582405,0.22856273129582405,0.36496517062187195,0.11181169097846178,0.21485485881567,2,10,70.0
53028,30.44582775235176,0.5535605045882138,1.0,0.20758501317171232,0.525077223777771,11,55,100.0
52479,1.8871716558933258,0.18871716558933258,0.34014686942100525,0.12952881115341214,0.18664297834038734,2,10,50.0
54584,12.20925410091877,0.4883701640367508,1.0,0.36240983562365264,0.317161500453949,5,25,76.0
48364,10.53954977914691,0.35131832597156365,0.8974310159683228,0.3101559778350755,0.19451159983873367,6,30,56.666666666666664
55100,19.159039311110973,0.3483461692929268,0.6258870959281921,0.13622242936165346,0.31241220235824585,11,55,94.54545454545455
43358,1.1360629051923752,0.22721258103847503,0.2677921652793884,0.022613366876856913,0.22267158329486847,1,5,100.0
54968,2.785602405667305,0.2785602405667305,0.3355167508125305,0.04796807052874343,0.2981286197900772,2,10,100.0
54586,123.6016549654305,0.4052513277555098,1.0,0.24526417051751226,0.36230403184890747,61,305,86.55737704918033
42512,88.9536617025733,0.42358886525034906,1.0,0.25706366826065824,0.35566000640392303,42,210,85.71428571428571
42365,4.853998672217131,0.32359991148114203,0.726822555065155,0.2125709217800349,0.35655030608177185,3,15,66.66666666666666
55940,5.0,1.0,1.0,0.0,1.0,1,5,100.0
52697,5.730378035455942,0.16372508672731265,0.37942662835121155,0.10887485454775989,0.1358460783958435,7,35,42.857142857142854
55937,75.8659227155149,0.3528647568163484,1.0,0.25632162782163914,0.2945803701877594,43,215,72.55813953488372
46669,157.59719922579825,0.33891870801246937,1.0,0.2543878320076096,0.2534796893596649,93,465,76.55913978494624
56107,64.15652234852314,0.2984024295280146,1.0,0.20066935742349,0.23913973569869995,43,215,77.67441860465117
48447,124.6479782871902,0.3462443841310839,1.0,0.2498793051112361,0.2957025021314621,72,360,71.38888888888889
53534,19.84655252099037,0.4961638130247593,1.0,0.2672958838540906,0.40310581028461456,8,40,95.0
52545,15.79063168168068,0.526354389389356,1.0,0.36540799277047964,0.486558735370636,6,30,80.0
53447,8.624050863087177,0.2874683621029059,0.7106204032897949,0.14523017205301741,0.2591619938611984,6,30,90.0
35470,3.585727259516716,0.3585727259516716,0.7127742767333984,0.23168055876632243,0.2924952208995819,2,10,50.0
55945,5.823332786560059,0.3882221857706706,0.5307265520095825,0.10221101706188616,0.4432857930660248,3,15,100.0
43294,120.49612448737025,0.3886971757657105,1.0,0.2758497711392875,0.3446890115737915,62,310,76.45161290322581
48476,27.98119131475687,0.46635318857928115,1.0,0.3485447177277062,0.30548660457134247,12,60,78.33333333333333
43400,49.16036607325077,0.46819396260238827,1.0,0.30581449374291647,0.4145541191101074,21,105,83.80952380952381
45018,10.0,1.0,1.0,0.0,1.0,2,10,100.0
43352,5.0,1.0,1.0,0.0,1.0,1,5,100.0
43787,5.0,1.0,1.0,0.0,1.0,1,5,100.0
56673,102.9504172205925,0.388492140455066,1.0,0.23507651714346645,0.37044721841812134,53,265,81.88679245283019
46303,29.46246474981308,0.5892492949962616,1.0,0.30858285909395305,0.5923458635807037,10,50,86.0
37792,3.6851312667131424,0.36851312667131425,0.5538939237594604,0.17214774562856983,0.3843678832054138,2,10,100.0
46209,4.12792981415987,0.412792981415987,0.7351394295692444,0.28794245012296116,0.41587136685848236,2,10,70.0
47848,1.5421806871891022,0.30843613743782045,0.3183007538318634,0.01738038880324013,0.31736159324645996,1,5,100.0
40039,34.53662954643369,0.3453662954643369,1.0,0.2787542081052508,0.2412063255906105,20,100,68.0
52555,2.822982430458069,0.5645964860916137,0.5812601447105408,0.012751762396759011,0.5673619508743286,1,5,100.0
54701,92.38646167889237,0.46193230839446187,1.0,0.2753007791021697,0.44326215982437134,40,200,84.0
55950,23.71774233877659,0.527060940861702,1.0,0.2635240891126408,0.4200305640697479,9,45,88.88888888888889
56068,22.19604893773794,0.44392097875475883,1.0,0.250406525453237,0.4078913629055023,10,50,92.0
56003,13.17999218404293,0.2635998436808586,0.5562881231307983,0.10795590226461563,0.2548205405473709,10,50,84.0
54877,43.948721282184124,0.4185592503065155,1.0,0.26716165511917617,0.33179306983947754,21,105,88.57142857142857
48206,6.514691144227982,0.4343127429485321,0.5601747035980225,0.11134951646734768,0.4661574065685272,3,15,100.0
46135,3.513312168419361,0.2342208112279574,0.5509926080703735,0.1870407866067563,0.12038010358810425,3,15,40.0
54505,21.492687553167343,0.6140767872333527,1.0,0.3023280499972385,0.4631103277206421,7,35,100.0
54915,54.768118573352695,0.40568976721002,1.0,0.27785313126350947,0.374799907207489,27,135,78.51851851851852
48780,43.83390735089779,0.48704341500997544,1.0,0.327652483545002,0.3330705761909485,18,90,90.0
56013,1.8249613642692566,0.36499227285385133,0.41361621022224426,0.04691580425786899,0.3734601140022278,1,5,100.0
56010,12.075576461851597,0.48302305847406385,1.0,0.35744490988086763,0.3908465504646301,5,25,76.0
53883,57.80889371410012,0.5255353974009102,1.0,0.3263303387377389,0.47953999042510986,22,110,80.0
56230,16.198919031769037,0.29452580057761885,0.5680864453315735,0.1772771584708759,0.28288158774375916,11,55,67.27272727272727
54654,4.386372447013855,0.4386372447013855,0.7494150996208191,0.2600813087397827,0.42585162073373795,2,10,100.0
43323,2.207099884748459,0.44141997694969176,0.48369550704956055,0.041069431341166085,0.4594598710536957,1,5,100.0
43308,13.36913651227951,0.8912757674853007,1.0,0.1547791506392919,1.0,3,15,100.0
37075,5.393167659640312,0.3595445106426875,0.7693788409233093,0.28569238164933414,0.27496224641799927,3,15,66.66666666666666
43292,1.0869214534759521,0.21738429069519044,0.25492069125175476,0.03418890326412129,0.21613527834415436,1,5,100.0
56586,0.9178733453154564,0.09178733453154564,0.16520845890045166,0.035386146788386585,0.07754412665963173,2,10,10.0
56501,0.25942542031407356,0.05188508406281471,0.07650397717952728,0.017027045559709072,0.04485934600234032,1,5,0.0
45590,8.100245125591755,0.3240098050236702,1.0,0.3447140008836196,0.1463228315114975,5,25,48.0
44867,1.3824290931224823,0.27648581862449645,0.3230901062488556,0.03072599502158286,0.2582477927207947,1,5,100.0
46823,92.0208532512188,0.4719018115447118,1.0,0.29687434462493933,0.42160725593566895,39,195,82.05128205128204
54662,35.21475835517049,0.4142912747667116,1.0,0.25659910790137086,0.33157485723495483,17,85,89.41176470588236
47787,2.382927805185318,0.4765855610370636,0.4860016405582428,0.009398745889895309,0.4804494082927704,1,5,100.0
53933,4.508232235908508,0.4508232235908508,0.5919823050498962,0.11328299201513678,0.43557772040367126,2,10,100.0
43361,2.02105849981308,0.20210584998130798,0.23409506678581238,0.0216556486950825,0.2031521499156952,2,10,100.0
54690,11.416470529511571,0.2854117632377893,0.5551457405090332,0.1608851666485531,0.2952369600534439,8,40,67.5
54962,36.879677046090364,0.36879677046090364,0.8902108073234558,0.23261213388997456,0.34311677515506744,20,100,77.0
53521,8.830969512462616,0.588731300830841,1.0,0.29192687290638863,0.4015139937400818,3,15,100.0
47802,4.257316432893276,0.2838210955262184,0.578449547290802,0.19467986128438639,0.16741491854190826,3,15,66.66666666666666
56670,9.895595386624336,0.39582381546497347,0.6210407614707947,0.15960870070112596,0.423412561416626,5,25,88.0
52563,1.815049648284912,0.3630099296569824,0.3925570547580719,0.020379240205609835,0.35994675755500793,1,5,100.0
55978,115.23146920837462,0.42678321929027635,1.0,0.30008992263035433,0.33906014263629913,54,270,78.51851851851852
42560,2.334287703037262,0.4668575406074524,0.496317058801651,0.02234322712618997,0.4716449975967407,1,5,100.0
42488,6.2440018355846405,0.624400183558464,0.8088951110839844,0.1443249704421154,0.5983513295650482,2,10,100.0
46091,6.24070829898119,0.4160472199320793,0.7348626852035522,0.20882185231025727,0.392405241727829,3,15,93.33333333333333
53528,18.61781084537506,0.7447124338150024,1.0,0.268834246769096,0.7899643778800964,5,25,100.0
47854,8.800261855125427,0.5866841236750285,1.0,0.33887268959999745,0.559402585029602,3,15,100.0
48089,7.422020822763443,0.7422020822763443,1.0,0.25781569143248817,0.7441312819719315,2,10,100.0
45274,1.0972071439027786,0.21944142878055573,0.2479170560836792,0.015580243854570951,0.21722552180290222,1,5,100.0
53641,3.7369582056999207,0.7473916411399841,0.7620110511779785,0.018378249989961695,0.7536318302154541,1,5,100.0
52527,107.83219966292381,0.4688356507083644,1.0,0.29668563752152705,0.3800511956214905,46,230,85.65217391304348
43411,1.5248734652996063,0.30497469305992125,0.32070252299308777,0.012801238189322354,0.3084639012813568,1,5,100.0
43316,4.135300055146217,0.27568667034308114,0.3816920518875122,0.05673557691060061,0.2597760260105133,3,15,100.0
53508,1.8211017549037933,0.18211017549037933,0.24785274267196655,0.05140979044307346,0.17798806726932526,2,10,50.0
56543,21.317013043910265,0.30452875777014665,0.8071687817573547,0.22558740768894814,0.28027863800525665,14,70,67.14285714285714
56018,41.63613858819008,0.4382751430335798,1.0,0.2853145839956692,0.3592614233493805,19,95,89.47368421052632
56046,7.571949779987335,0.37859748899936674,0.7204527854919434,0.23409478721341245,0.3513031229376793,4,20,75.0
53053,3.0601693131029606,0.20401128754019737,0.3198026120662689,0.10862414711302135,0.25009363889694214,3,15,66.66666666666666
43535,14.441568911075592,0.5776627564430237,1.0,0.276974528643847,0.4386354982852936,5,25,100.0
41235,7.286728352308273,0.4857818901538849,0.694722056388855,0.13807182823974293,0.4197436273097992,3,15,100.0
47828,16.77096550911665,0.4192741377279162,0.6570230722427368,0.17398156719391678,0.48998212814331055,8,40,92.5
56022,22.214996173977852,0.5553749043494463,1.0,0.2977353465639727,0.541181206703186,8,40,90.0
56002,2.41432948410511,0.1609552989403407,0.23116213083267212,0.05895579884628173,0.14296163618564606,3,15,46.666666666666664
56098,0.9108414649963379,0.18216829299926757,0.20391662418842316,0.01626952214147968,0.17743362486362457,1,5,100.0
56174,5.0,1.0,1.0,0.0,1.0,1,5,100.0
54521,2.6128793358802795,0.5225758671760559,0.5343858003616333,0.012455385064894867,0.5316469669342041,1,5,100.0
43378,2.963688015937805,0.5927376031875611,0.6125019192695618,0.01472390508737023,0.5878634452819824,1,5,100.0
47786,1.7091874182224274,0.34183748364448546,0.36039602756500244,0.017915443574076567,0.3528227210044861,1,5,100.0
46162,46.709636472165585,0.34599730720122657,1.0,0.2018128334914089,0.32118552923202515,27,135,85.92592592592592
56364,20.014125488698483,0.5003531372174621,1.0,0.29258622712494026,0.4318018704652786,8,40,87.5
56099,8.218167342245579,0.32872669368982316,0.6652206778526306,0.2119394130200302,0.3600192368030548,5,25,72.0
55948,7.009406339377165,0.23364687797923883,0.40044525265693665,0.09855749172119282,0.2512139528989792,6,30,70.0
46144,2.107822507619858,0.42156450152397157,0.4577646553516388,0.029962830410491564,0.4080792963504791,1,5,100.0
52462,2.6887896060943604,0.5377579212188721,0.567289412021637,0.020477149864518297,0.5327258110046387,1,5,100.0
41269,11.335535388439894,0.45342141553759574,0.7354426980018616,0.23643477482871642,0.5845167636871338,5,25,80.0
55132,11.687061438336968,0.33391604109534195,0.8837669491767883,0.23908556795558525,0.28790783882141113,7,35,80.0
44937,37.3929198384285,0.49857226451237996,1.0,0.35290053369080737,0.3169415295124054,15,75,88.0
55079,5.23356893658638,0.2093427574634552,0.34588897228240967,0.06747873491745841,0.2014850676059723,5,25,76.0
52512,34.07114724814892,0.3407114724814892,1.0,0.29459933401499006,0.2161417454481125,20,100,69.0
44964,68.67565248627216,0.3924322999215552,1.0,0.2922567707929471,0.28734952211380005,35,175,73.14285714285714
56275,29.153349619358778,0.4164764231336968,1.0,0.2996335147772118,0.4033043831586838,14,70,75.71428571428571
54750,6.7801740020513535,0.3390087001025677,0.6262087821960449,0.13278814438193776,0.3091486394405365,4,20,90.0
43420,2.1584215462207794,0.4316843092441559,0.4930191934108734,0.048400442558309435,0.43541964888572693,1,5,100.0
56117,61.12163441628218,0.4365831029734441,1.0,0.27966923404975225,0.38772083818912506,28,140,84.28571428571429
53605,25.291318552568555,0.38909720850105467,1.0,0.2991336857799514,0.3041348457336426,13,65,76.92307692307693
43694,0.8582326024770737,0.17164652049541473,0.2612697184085846,0.06573407327230801,0.19270510971546173,1,5,60.0
56026,1.3573915287852287,0.13573915287852287,0.23003815114498138,0.04743846721381578,0.13327603042125702,2,10,30.0
52571,58.331365060061216,0.3645710316253826,1.0,0.29140753189648205,0.2931350767612457,32,160,66.875
56111,9.661701291799545,0.644113419453303,1.0,0.2682038913640666,0.520195722579956,3,15,93.33333333333333
54543,17.16903069615364,0.858451534807682,1.0,0.2453077097175667,1.0,4,20,100.0
52565,1.2330332249403,0.24660664498806,0.25463148951530457,0.00623832914390565,0.24338024854660034,1,5,100.0
46205,2.215968668460846,0.2215968668460846,0.38296258449554443,0.12380282911210079,0.20779649913311005,2,10,50.0
44871,4.290003374218941,0.28600022494792937,0.507212221622467,0.14487043946782313,0.20515526831150055,3,15,100.0
52792,3.808489575982094,0.38084895759820936,0.4871900677680969,0.08111413251238911,0.4058607369661331,2,10,100.0
55970,26.224918104708195,0.47681669281287625,1.0,0.24052243939523038,0.42269623279571533,11,55,92.72727272727272
55217,2.6981126070022583,0.5396225214004516,0.6094122529029846,0.05021242720899831,0.5560275912284851,1,5,100.0
53479,11.489623174071312,0.3829874391357104,0.8832417726516724,0.25436840384262477,0.3253594934940338,6,30,76.66666666666667
48173,2.4371167719364166,0.16247445146242778,0.377305805683136,0.13376426395139296,0.07801437377929688,3,15,33.33333333333333
56035,1.5286276042461395,0.10190850694974264,0.1885516494512558,0.05020260350290723,0.12050886452198029,3,15,13.333333333333334
43392,1.2608192414045334,0.25216384828090666,0.28896334767341614,0.032947859445350426,0.24885016679763794,1,5,100.0
38545,5.4293491542339325,0.5429349154233932,0.8976679444313049,0.3046316617561949,0.5382544100284576,2,10,100.0
53458,17.643926989287138,0.2714450306044175,0.6192557215690613,0.15151789180971584,0.2697983682155609,13,65,70.76923076923077
56374,6.284342039376497,0.4189561359584332,0.8426668643951416,0.27863248970346705,0.4696803689002991,3,15,66.66666666666666
56033,22.22891951724887,0.40416217304088853,1.0,0.3181279917026701,0.3269334137439728,11,55,76.36363636363637
56020,14.857586555182934,0.37143966387957333,0.766332745552063,0.17207476005952366,0.2949776351451874,8,40,95.0
40031,20.566872861236334,0.31641342863440514,1.0,0.22482296721389383,0.26535743474960327,13,65,89.23076923076924
55963,2.6402722001075745,0.5280544400215149,0.560914158821106,0.020019948359822043,0.5213104486465454,1,5,100.0
35452,2.487691178917885,0.2487691178917885,0.38982781767845154,0.07528311471671782,0.22389807552099228,2,10,100.0
42390,78.5155845284462,0.50655215824804,1.0,0.2662977485822677,0.4396292567253113,31,155,96.7741935483871
43325,44.36683924496174,0.3857986021301021,1.0,0.22853422492640418,0.33417215943336487,23,115,92.17391304347827
44855,7.82370837777853,0.5215805585185687,1.0,0.3693717157973351,0.4685054421424866,3,15,66.66666666666666
47939,3.6550594568252563,0.7310118913650513,0.7953215837478638,0.038733538366080844,0.7364797592163086,1,5,100.0
48103,3.703396297991276,0.3703396297991276,0.6406185030937195,0.22479824709463228,0.3553568720817566,2,10,70.0
56407,5.156274050474167,0.20625096201896667,0.4465455412864685,0.11952240762430556,0.20035359263420105,5,25,60.0
46290,23.218219242990017,0.35720337296907717,1.0,0.2295682975268271,0.30079513788223267,13,65,81.53846153846153
53910,1.8735617399215698,0.37471234798431396,0.45967724919319153,0.05714029737814019,0.365988552570343,1,5,100.0
55999,16.404042271897197,0.46868692205420565,1.0,0.32827784657449566,0.49528905749320984,7,35,77.14285714285715
55879,1.0520831048488617,0.21041662096977234,0.24437785148620605,0.030394501051490445,0.21949152648448944,1,5,100.0
56573,42.219404086470604,0.5277425510808825,1.0,0.23860947227989235,0.5152550339698792,16,80,100.0
55055,1.803105115890503,0.3606210231781006,0.39573171734809875,0.0318173021034226,0.37062862515449524,1,5,100.0
55911,2.759827494621277,0.2759827494621277,0.34933412075042725,0.06580411870158417,0.3076687753200531,2,10,100.0
46729,20.040160037577152,0.400803200751543,1.0,0.28608222388663646,0.4126664698123932,10,50,72.0
55032,1.4079797714948654,0.2815959542989731,0.3458572030067444,0.04537588811609409,0.2993404269218445,1,5,100.0
41251,5.0,1.0,1.0,0.0,1.0,1,5,100.0
38548,4.712061416357756,0.23560307081788778,0.5861766934394836,0.17313209160375242,0.16880649328231812,4,20,60.0
53599,18.27563150972128,0.6091877169907093,1.0,0.30651416518956787,0.7459483742713928,6,30,86.66666666666667
46407,26.788851596415043,0.4464808599402507,1.0,0.2893964893766497,0.32407186925411224,12,60,90.0
46098,1.8241423666477203,0.36482847332954405,0.3835931718349457,0.012569083951328924,0.3589326739311218,1,5,100.0
53957,12.864722549915314,0.3675635014261518,0.9002962112426758,0.19852922288143696,0.3262901306152344,7,35,91.42857142857143
47800,1.5602958798408508,0.3120591759681702,0.3233722746372223,0.007981705573255367,0.30612239241600037,1,5,100.0
53490,0.8264048248529434,0.1652809649705887,0.18542471528053284,0.011146792822401457,0.16196365654468536,1,5,100.0
56244,6.348569929599762,0.6348569929599762,1.0,0.3653483604174796,0.6466848850250244,2,10,100.0
54686,5.512383759021759,0.3674922506014506,0.638401448726654,0.10622218012505948,0.3685629367828369,3,15,100.0
54705,4.176556333899498,0.4176556333899498,0.6272265911102295,0.14432065987886605,0.39188988506793976,2,10,100.0
39908,1.1077976524829865,0.2215595304965973,0.24594466388225555,0.01691379584730963,0.21293944120407104,1,5,100.0
54497,0.8715837448835373,0.17431674897670746,0.21756942570209503,0.028193218815142283,0.17287346720695496,1,5,80.0
55951,5.0,1.0,1.0,0.0,1.0,1,5,100.0
53607,1.532076746225357,0.3064153492450714,0.3646954298019409,0.04324926133941637,0.2978299856185913,1,5,100.0
55124,18.7640880048275,0.4169797334406111,1.0,0.2812139558881982,0.4750975966453552,9,45,71.11111111111111
48588,17.032163947820663,0.486633255652019,1.0,0.3432495198900216,0.3262062072753906,7,35,85.71428571428571
56401,0.6420254111289978,0.12840508222579955,0.1507943868637085,0.0172153574070903,0.12448376417160034,1,5,20.0
52797,1.3334115147590637,0.2666823029518127,0.27361834049224854,0.005270343162076809,0.2645198106765747,1,5,100.0
56532,3.6494203209877014,0.7298840641975403,0.8534069657325745,0.11197478669367919,0.7709569334983826,1,5,100.0
44815,0.2435304969549179,0.04870609939098358,0.06689298152923584,0.011242225353239262,0.043777260929346085,1,5,0.0
55918,1.6270834803581238,0.32541669607162477,0.34709033370018005,0.014047634715567078,0.3253435790538788,1,5,100.0
46680,8.811409197747707,0.29371363992492355,0.514887273311615,0.13030841456808961,0.2638506814837456,6,30,86.66666666666667
56265,24.618719913065434,0.5470826647347874,1.0,0.3037686774078546,0.6185784339904785,9,45,86.66666666666667
56115,10.24308980628848,0.34143632687628267,0.6141124963760376,0.1569178929257443,0.35996830463409424,6,30,83.33333333333334
43413,8.985061477869749,0.299502049262325,1.0,0.324723152951683,0.17453565448522568,6,30,53.333333333333336
55109,11.923809438943863,0.3974603146314621,1.0,0.305585022504741,0.29940110445022583,6,30,73.33333333333333
55047,6.189814895391464,0.6189814895391464,0.7898915410041809,0.15711088520035685,0.6092944294214249,2,10,100.0
43335,0.4490789696574211,0.08981579393148423,0.10891605168581009,0.011894659931416219,0.08838675171136856,1,5,0.0
54696,2.966930389404297,0.1977953592936198,0.27438628673553467,0.05251021032350043,0.20624813437461853,3,15,60.0
43321,2.7765637040138245,0.5553127408027649,0.6040604710578918,0.032734602381185,0.5559479594230652,1,5,100.0
